antecedents,consequents,antecedent support,consequent support,support,confidence,lift,representativity,leverage,conviction,zhangs_metric,jaccard,certainty,kulczynski
frozenset({'60 TEATIME FAIRY CAKE CASES'}),frozenset({'PACK OF 72 RETROSPOT CAKE CASES'}),0.041120381406436236,0.06555423122765197,0.022497020262216925,0.5471014492753623,8.345783926218708,1.0,0.019801405271330164,2.063256257449344,0.917924423462395,0.2672566371681416,0.5153292295178942,0.4451416337285902
frozenset({'PACK OF 72 RETROSPOT CAKE CASES'}),frozenset({'60 TEATIME FAIRY CAKE CASES'}),0.06555423122765197,0.041120381406436236,0.022497020262216925,0.34318181818181814,8.345783926218708,1.0,0.019801405271330164,1.4598859245023115,0.9419262738207868,0.2672566371681416,0.3150149725973218,0.4451416337285902
frozenset({'ALARM CLOCK BAKELIKE GREEN'}),frozenset({'ALARM CLOCK BAKELIKE PINK'}),0.048669050456893126,0.038885578069129914,0.020758839888756455,0.42653061224489797,10.968863867386036,1.0,0.018866315727664514,1.6759646503420866,0.9553277496975225,0.3107806691449814,0.4033287039819804,0.4801874006307504
frozenset({'ALARM CLOCK BAKELIKE PINK'}),frozenset({'ALARM CLOCK BAKELIKE GREEN'}),0.038885578069129914,0.048669050456893126,0.020758839888756455,0.5338441890166028,10.968863867386036,1.0,0.018866315727664514,2.040800365732199,0.9456031815845473,0.3107806691449814,0.50999616778233,0.4801874006307504
frozenset({'ALARM CLOCK BAKELIKE RED '}),frozenset({'ALARM CLOCK BAKELIKE GREEN'}),0.05219507350019865,0.048669050456893126,0.03178386968613429,0.6089438629876308,12.511932270529524,1.0,0.029243585020351875,2.4327222091722756,0.9707443673041657,0.4601006470165349,0.5889378589015941,0.6310025437387135
frozenset({'ALARM CLOCK BAKELIKE GREEN'}),frozenset({'ALARM CLOCK BAKELIKE RED '}),0.048669050456893126,0.05219507350019865,0.03178386968613429,0.653061224489796,12.511932270529526,1.0,0.029243585020351875,2.7319083175582515,0.9671463901649615,0.4601006470165349,0.6339555051782306,0.6310025437387135
frozenset({'ALARM CLOCK BAKELIKE RED '}),frozenset({'ALARM CLOCK BAKELIKE PINK'}),0.05219507350019865,0.038885578069129914,0.02334127930075487,0.4471931493815414,11.500231489076269,1.0,0.02131164369533892,1.738608016263932,0.9633261054966862,0.34457478005865105,0.4248272234768108,0.523724288611588
frozenset({'ALARM CLOCK BAKELIKE PINK'}),frozenset({'ALARM CLOCK BAKELIKE RED '}),0.038885578069129914,0.05219507350019865,0.02334127930075487,0.6002554278416348,11.500231489076269,1.0,0.02131164369533892,2.3710263816272987,0.9499859827109107,0.34457478005865105,0.5782417236059291,0.523724288611588
frozenset({'CHARLOTTE BAG SUKI DESIGN'}),frozenset({'CHARLOTTE BAG PINK POLKADOT'}),0.043802145411203815,0.036899086213746525,0.020361541517679778,0.46485260770975056,12.597943618901127,1.0,0.018745282377804706,1.799692809236177,0.9627944272587008,0.3374485596707819,0.4443496162967842,0.5083347829935025
frozenset({'CHARLOTTE BAG PINK POLKADOT'}),frozenset({'CHARLOTTE BAG SUKI DESIGN'}),0.036899086213746525,0.043802145411203815,0.020361541517679778,0.5518169582772544,12.597943618901128,1.0,0.018745282377804706,2.1334985163948215,0.9558935648140579,0.3374485596707819,0.5312862922961875,0.5083347829935025
frozenset({'CHARLOTTE BAG PINK POLKADOT'}),frozenset({'RED RETROSPOT CHARLOTTE BAG'}),0.036899086213746525,0.051350814461660704,0.02592371871275328,0.702557200538358,13.68152010642203,1.0,0.02402892058278636,3.1893499767193942,0.9624211682810857,0.41593625498007974,0.6864564857104166,0.6036963952401655
frozenset({'RED RETROSPOT CHARLOTTE BAG'}),frozenset({'CHARLOTTE BAG PINK POLKADOT'}),0.051350814461660704,0.036899086213746525,0.02592371871275328,0.504835589941973,13.68152010642203,1.0,0.02402892058278636,1.945012392294895,0.9770826990092711,0.41593625498007974,0.4858644582618247,0.6036963952401655
frozenset({'CHARLOTTE BAG SUKI DESIGN'}),frozenset({'RED RETROSPOT CHARLOTTE BAG'}),0.043802145411203815,0.051350814461660704,0.025178784266984507,0.5748299319727891,11.194173607547468,1.0,0.022929508424951096,2.231222884386174,0.9523842890096457,0.3598296664300923,0.5518152816565847,0.5325793760444216
frozenset({'RED RETROSPOT CHARLOTTE BAG'}),frozenset({'CHARLOTTE BAG SUKI DESIGN'}),0.051350814461660704,0.043802145411203815,0.025178784266984507,0.4903288201160542,11.19417360754747,1.0,0.022929508424951096,1.8761073655499345,0.9599626793315734,0.3598296664300923,0.46698146472716673,0.5325793760444216
frozenset({'CHARLOTTE BAG SUKI DESIGN'}),frozenset({'STRAWBERRY CHARLOTTE BAG'}),0.043802145411203815,0.035856177989670245,0.0206098529996027,0.47052154195011336,13.122467823694574,1.0,0.01903927547740916,1.8209311584863188,0.9661126275122304,0.3490328006728343,0.4508304197335677,0.5226568928587132
frozenset({'STRAWBERRY CHARLOTTE BAG'}),frozenset({'CHARLOTTE BAG SUKI DESIGN'}),0.035856177989670245,0.043802145411203815,0.0206098529996027,0.574792243767313,13.122467823694574,1.0,0.01903927547740916,2.248778016329351,0.9581504342289319,0.3490328006728343,0.555314044899689,0.5226568928587132
frozenset({'CHARLOTTE BAG SUKI DESIGN'}),frozenset({'WOODLAND CHARLOTTE BAG'}),0.043802145411203815,0.04146801748112833,0.02264600715137068,0.5170068027210885,12.467603568373457,1.0,0.020829619019747954,1.9845662173278047,0.9619265716488167,0.36161776367961934,0.49611154756706066,0.531557293576113
frozenset({'WOODLAND CHARLOTTE BAG'}),frozenset({'CHARLOTTE BAG SUKI DESIGN'}),0.04146801748112833,0.043802145411203815,0.02264600715137068,0.5461077844311377,12.467603568373457,1.0,0.020829619019747954,2.1066628194766355,0.9595841775310252,0.36161776367961934,0.5253155888285753,0.531557293576113
frozenset({'DOLLY GIRL LUNCH BOX'}),frozenset({'SPACEBOY LUNCH BOX '}),0.0422129519268971,0.04469606674612634,0.026718315454906636,0.6329411764705882,14.161003921568627,1.0,0.02483156253803102,2.602590843800617,0.9703446497199079,0.4438943894389438,0.615767494770834,0.615359477124183
frozenset({'SPACEBOY LUNCH BOX '}),frozenset({'DOLLY GIRL LUNCH BOX'}),0.04469606674612634,0.0422129519268971,0.026718315454906636,0.5977777777777779,14.161003921568629,1.0,0.02483156253803102,2.38123851730882,0.9728668597680464,0.4438943894389438,0.5800504683881227,0.615359477124183
frozenset({'JUMBO BAG RED RETROSPOT'}),frozenset({'DOTCOM POSTAGE'}),0.10389352403655144,0.035160905840286055,0.02408621374652364,0.2318355640535373,6.5935606183361966,1.0,0.02043322333045896,1.2560319757200509,0.9466920494461422,0.20950323974082077,0.2038419249424556,0.458431906320554
frozenset({'DOTCOM POSTAGE'}),frozenset({'JUMBO BAG RED RETROSPOT'}),0.035160905840286055,0.10389352403655144,0.02408621374652364,0.6850282485875706,6.5935606183361966,1.0,0.02043322333045896,2.8450376008166884,0.8792521793394167,0.20950323974082077,0.6485107965838686,0.458431906320554
frozenset({'GARDENERS KNEELING PAD CUP OF TEA '}),frozenset({'GARDENERS KNEELING PAD KEEP CALM '}),0.0376440206595153,0.04534167659912594,0.027115613825983313,0.7203166226912928,15.886413487964811,1.0,0.025408770815348754,3.4133538166880304,0.9737073914491604,0.4853333333333333,0.7070330080898857,0.6591725501189214
frozenset({'GARDENERS KNEELING PAD KEEP CALM '}),frozenset({'GARDENERS KNEELING PAD CUP OF TEA '}),0.04534167659912594,0.0376440206595153,0.027115613825983313,0.5980284775465499,15.886413487964813,1.0,0.025408770815348754,2.3940899431549387,0.9815586449306472,0.4853333333333333,0.5823047488841638,0.6591725501189214
frozenset({'GREEN REGENCY TEACUP AND SAUCER'}),frozenset({'PINK REGENCY TEACUP AND SAUCER'}),0.050407230830353596,0.03804131903059198,0.031436233611442196,0.6236453201970444,16.393893169043977,1.0,0.029518676061976022,2.5559896889632183,0.9888467003145264,0.5513937282229965,0.608762114996783,0.7250080386886006
frozenset({'PINK REGENCY TEACUP AND SAUCER'}),frozenset({'GREEN REGENCY TEACUP AND SAUCER'}),0.03804131903059198,0.050407230830353596,0.031436233611442196,0.8263707571801567,16.393893169043977,1.0,0.029518676061976022,5.469083166796612,0.9761351449000547,0.5513937282229965,0.8171539964740148,0.7250080386886006
frozenset({'REGENCY CAKESTAND 3 TIER'}),frozenset({'GREEN REGENCY TEACUP AND SAUCER'}),0.09877830750893922,0.050407230830353596,0.025278108859753675,0.2559074912016088,5.076801224468567,1.0,0.020298967912118927,1.2761756877556938,0.8910411079653686,0.20400801603206412,0.21640883023040614,0.37869266185696204
frozenset({'GREEN REGENCY TEACUP AND SAUCER'}),frozenset({'REGENCY CAKESTAND 3 TIER'}),0.050407230830353596,0.09877830750893922,0.025278108859753675,0.5014778325123153,5.076801224468567,1.0,0.020298967912118927,1.8077865965976812,0.8456525802127265,0.20400801603206412,0.44683736350184494,0.37869266185696204
frozenset({'ROSES REGENCY TEACUP AND SAUCER '}),frozenset({'GREEN REGENCY TEACUP AND SAUCER'}),0.05294000794596742,0.050407230830353596,0.03814064362336114,0.7204502814258912,14.29259789831699,1.0,0.03547208442266801,3.396865409177326,0.9820219640360077,0.5849200304645849,0.7056109443434834,0.7385502638656549
frozenset({'GREEN REGENCY TEACUP AND SAUCER'}),frozenset({'ROSES REGENCY TEACUP AND SAUCER '}),0.050407230830353596,0.05294000794596742,0.03814064362336114,0.7566502463054187,14.29259789831699,1.0,0.03547208442266801,3.891764744675477,0.979402690976762,0.5849200304645849,0.7430471609651762,0.7385502638656549
frozenset({'HEART OF WICKER LARGE'}),frozenset({'HEART OF WICKER SMALL'}),0.04598728645212555,0.05964441795788637,0.024483512117600317,0.5323974082073434,8.926190018037524,1.0,0.021740627183700695,2.011014477993065,0.9307738848828946,0.3017135862913097,0.5027385377165601,0.47144433274646935
frozenset({'HEART OF WICKER SMALL'}),frozenset({'HEART OF WICKER LARGE'}),0.05964441795788637,0.04598728645212555,0.024483512117600317,0.4104912572855953,8.926190018037524,1.0,0.021740627183700695,1.618318176512708,0.9442918578611252,0.3017135862913097,0.38207454225417736,0.47144433274646935
frozenset({'JAM MAKING SET WITH JARS'}),frozenset({'JAM MAKING SET PRINTED'}),0.056267381803734605,0.057707588398887566,0.023440603893524037,0.4165931156222418,7.219035263484907,1.0,0.020193548984111066,1.6151547690530412,0.9128404792463635,0.2589138782227098,0.38086428671705813,0.41139466452368545
frozenset({'JAM MAKING SET PRINTED'}),frozenset({'JAM MAKING SET WITH JARS'}),0.057707588398887566,0.056267381803734605,0.023440603893524037,0.40619621342512907,7.219035263484907,1.0,0.020193548984111066,1.5893004381797977,0.9142356712932774,0.2589138782227098,0.37079234613105294,0.41139466452368545
frozenset({'JUMBO  BAG BAROQUE BLACK WHITE'}),frozenset({'JUMBO BAG PINK POLKADOT'}),0.04633492252681764,0.060488676996424316,0.020560190703218118,0.44372990353697755,7.335751508719688,1.0,0.017757452540839103,1.688948100890821,0.9056442720679967,0.2383419689119171,0.4079154951697104,0.391815690684745
frozenset({'JUMBO BAG PINK POLKADOT'}),frozenset({'JUMBO  BAG BAROQUE BLACK WHITE'}),0.060488676996424316,0.04633492252681764,0.020560190703218118,0.33990147783251234,7.335751508719688,1.0,0.017757452540839103,1.4447314233362392,0.9192878188244921,0.2383419689119171,0.3078298264664619,0.391815690684745
frozenset({'JUMBO BAG RED RETROSPOT'}),frozenset({'JUMBO  BAG BAROQUE BLACK WHITE'}),0.10389352403655144,0.04633492252681764,0.029052443384982123,0.27963671128107076,6.0351177045612445,1.0,0.024238544997710446,1.3238668494186447,0.931031268295733,0.23975409836065575,0.24463702642064472,0.45332317879166084
frozenset({'JUMBO  BAG BAROQUE BLACK WHITE'}),frozenset({'JUMBO BAG RED RETROSPOT'}),0.04633492252681764,0.10389352403655144,0.029052443384982123,0.6270096463022509,6.0351177045612445,1.0,0.024238544997710446,2.402492362281315,0.8748387337982714,0.23975409836065575,0.5837655862304436,0.45332317879166084
frozenset({'JUMBO SHOPPER VINTAGE RED PAISLEY'}),frozenset({'JUMBO  BAG BAROQUE BLACK WHITE'}),0.058353198251887166,0.04633492252681764,0.02090782677791021,0.35829787234042554,7.732782376684683,1.0,0.018204035857716988,1.4861491591922935,0.9246359041016935,0.24955542382928275,0.32712003111216,0.404765227702903
frozenset({'JUMBO  BAG BAROQUE BLACK WHITE'}),frozenset({'JUMBO SHOPPER VINTAGE RED PAISLEY'}),0.04633492252681764,0.058353198251887166,0.02090782677791021,0.4512325830653805,7.732782376684683,1.0,0.018204035857716988,1.715930597716776,0.9129834597548409,0.24955542382928275,0.41722584740280055,0.404765227702903
frozenset({'JUMBO STORAGE BAG SUKI'}),frozenset({'JUMBO  BAG BAROQUE BLACK WHITE'}),0.05880015891934843,0.04633492252681764,0.020957489074294795,0.3564189189189189,7.692230816025028,1.0,0.018232988266202222,1.4818103041053121,0.9243506668880624,0.24896755162241888,0.3251497865620659,0.4043616566727499
frozenset({'JUMBO  BAG BAROQUE BLACK WHITE'}),frozenset({'JUMBO STORAGE BAG SUKI'}),0.04633492252681764,0.05880015891934843,0.020957489074294795,0.45230439442658094,7.692230816025028,1.0,0.018232988266202222,1.718472508274458,0.9122685954727158,0.24896755162241888,0.41808786862461134,0.4043616566727499
frozenset({'JUMBO BAG RED RETROSPOT'}),frozenset({'JUMBO BAG ALPHABET'}),0.10389352403655144,0.04499404052443385,0.020560190703218118,0.19789674952198855,4.398288022488699,1.0,0.01588560127249128,1.1906272152698953,0.8622176386867527,0.16021671826625392,0.1601065495774707,0.3274251959530473
frozenset({'JUMBO BAG ALPHABET'}),frozenset({'JUMBO BAG RED RETROSPOT'}),0.04499404052443385,0.10389352403655144,0.020560190703218118,0.456953642384106,4.3982880224887,1.0,0.01588560127249128,1.6501472911034238,0.809040825401132,0.16021671826625392,0.39399349052573485,0.3274251959530473
frozenset({'JUMBO BAG APPLES'}),frozenset({'JUMBO BAG PEARS'}),0.048569725864123954,0.02954906634882797,0.020162892332141438,0.41513292433537835,14.048935402381813,1.0,0.018727702280038054,1.6592675054385424,0.976235731179196,0.3479005998286204,0.3973244237458256,0.5487429327559245
frozenset({'JUMBO BAG PEARS'}),frozenset({'JUMBO BAG APPLES'}),0.02954906634882797,0.048569725864123954,0.020162892332141438,0.6823529411764706,14.048935402381813,1.0,0.018727702280038054,2.9952434556129433,0.9571016906980725,0.3479005998286204,0.6661373224516866,0.5487429327559245
frozenset({'JUMBO BAG RED RETROSPOT'}),frozenset({'JUMBO BAG APPLES'}),0.10389352403655144,0.048569725864123954,0.027115613825983313,0.2609942638623327,5.373599690318948,1.0,0.022069533844470236,1.2874463994128413,0.9082681893588567,0.21632329635499212,0.22326863436329114,0.4096382362256449
frozenset({'JUMBO BAG APPLES'}),frozenset({'JUMBO BAG RED RETROSPOT'}),0.048569725864123954,0.10389352403655144,0.027115613825983313,0.558282208588957,5.373599690318948,1.0,0.022069533844470236,2.028685494195029,0.8554541814798626,0.21632329635499212,0.5070699707463555,0.4096382362256449
frozenset({'JUMBO BAG RED RETROSPOT'}),frozenset({'JUMBO BAG PINK POLKADOT'}),0.10389352403655144,0.060488676996424316,0.04097139451728248,0.3943594646271511,6.519558439845906,1.0,0.03468701269981528,1.551268893230845,0.9447709639064107,0.33199195171026163,0.3553664330125973,0.5358496830524918
frozenset({'JUMBO BAG PINK POLKADOT'}),frozenset({'JUMBO BAG RED RETROSPOT'}),0.060488676996424316,0.10389352403655144,0.04097139451728248,0.6773399014778325,6.519558439845906,1.0,0.03468701269981528,2.77724602474168,0.9011231246816405,0.33199195171026163,0.639931071611485,0.5358496830524918
frozenset({'JUMBO BAG WOODLAND ANIMALS'}),frozenset({'JUMBO BAG PINK POLKADOT'}),0.0428585617798967,0.060488676996424316,0.02130512514898689,0.4971031286210893,8.218118717499387,1.0,0.018712667448951423,1.8681987828389075,0.917646666103056,0.25968523002421307,0.46472505539244396,0.42465993869478114
frozenset({'JUMBO BAG PINK POLKADOT'}),frozenset({'JUMBO BAG WOODLAND ANIMALS'}),0.060488676996424316,0.0428585617798967,0.02130512514898689,0.3522167487684729,8.218118717499387,1.0,0.018712667448951423,1.4775643494956727,0.9348664867218626,0.25968523002421307,0.3232105252530468,0.42465993869478114
frozenset({'JUMBO SHOPPER VINTAGE RED PAISLEY'}),frozenset({'JUMBO BAG PINK POLKADOT'}),0.058353198251887166,0.060488676996424316,0.023241954707985697,0.3982978723404255,6.584668273765852,1.0,0.019712246947218983,1.5614226372407376,0.9006902156788766,0.2431168831168831,0.35955840773056397,0.391267162771198
frozenset({'JUMBO BAG PINK POLKADOT'}),frozenset({'JUMBO SHOPPER VINTAGE RED PAISLEY'}),0.060488676996424316,0.058353198251887166,0.023241954707985697,0.3842364532019704,6.584668273765852,1.0,0.019712246947218983,1.5292344060389353,0.9027374553064373,0.2431168831168831,0.34607801390616927,0.391267162771198
frozenset({'JUMBO STORAGE BAG SUKI'}),frozenset({'JUMBO BAG PINK POLKADOT'}),0.05880015891934843,0.060488676996424316,0.025576082638061184,0.43496621621621623,7.190870057249367,1.0,0.022019338817850297,1.662752475988391,0.9147204793305109,0.27291997880233176,0.39858757425360664,0.4288952591754316
frozenset({'JUMBO BAG PINK POLKADOT'}),frozenset({'JUMBO STORAGE BAG SUKI'}),0.060488676996424316,0.05880015891934843,0.025576082638061184,0.42282430213464695,7.190870057249367,1.0,0.022019338817850297,1.6306990134228074,0.9163644425558645,0.27291997880233176,0.38676604832119305,0.4288952591754316
frozenset({'JUMBO BAG RED RETROSPOT'}),frozenset({'JUMBO BAG PINK VINTAGE PAISLEY'}),0.10389352403655144,0.04295788637266587,0.025725069527214938,0.24760994263862335,5.764015959504416,1.0,0.02126202332679693,1.2720026059138394,0.9223344223344223,0.21238212382123822,0.2138380885772051,0.42322693663723077
frozenset({'JUMBO BAG PINK VINTAGE PAISLEY'}),frozenset({'JUMBO BAG RED RETROSPOT'}),0.04295788637266587,0.10389352403655144,0.025725069527214938,0.5988439306358382,5.764015959504416,1.0,0.02126202332679693,2.2338100913786256,0.8636086511650831,0.21238212382123822,0.5523343708314807,0.42322693663723077
frozenset({'JUMBO BAG PINK VINTAGE PAISLEY'}),frozenset({'JUMBO SHOPPER VINTAGE RED PAISLEY'}),0.04295788637266587,0.058353198251887166,0.020709177592371873,0.48208092485549137,8.26143106628951,1.0,0.01820244753238566,1.8181350078395484,0.9184084832180959,0.25693160813308685,0.4499858395068917,0.418487270938384
frozenset({'JUMBO SHOPPER VINTAGE RED PAISLEY'}),frozenset({'JUMBO BAG PINK VINTAGE PAISLEY'}),0.058353198251887166,0.04295788637266587,0.020709177592371873,0.35489361702127664,8.26143106628951,1.0,0.01820244753238566,1.4835415349764085,0.9334238637253268,0.25693160813308685,0.32593730851229447,0.418487270938384
frozenset({'JUMBO BAG SCANDINAVIAN BLUE PAISLEY'}),frozenset({'JUMBO BAG RED RETROSPOT'}),0.03287644020659515,0.10389352403655144,0.022248708780294002,0.6767371601208461,6.51375691022627,1.0,0.018833059549453864,2.7720676966719773,0.8752540016725598,0.19427580225498703,0.6392584491350785,0.445443149850098
frozenset({'JUMBO BAG RED RETROSPOT'}),frozenset({'JUMBO BAG SCANDINAVIAN BLUE PAISLEY'}),0.10389352403655144,0.03287644020659515,0.022248708780294002,0.21414913957934992,6.513756910226269,1.0,0.018833059549453864,1.2306706125838216,0.9446185118915668,0.19427580225498703,0.18743489137156155,0.445443149850098
frozenset({'JUMBO BAG RED RETROSPOT'}),frozenset({'JUMBO BAG SPACEBOY DESIGN'}),0.10389352403655144,0.03416765991259436,0.021354787445371472,0.2055449330783939,6.015774378585086,1.0,0.017804988848969635,1.215716760206289,0.9304367102637996,0.18297872340425533,0.17743998213011825,0.4152724665391969
frozenset({'JUMBO BAG SPACEBOY DESIGN'}),frozenset({'JUMBO BAG RED RETROSPOT'}),0.03416765991259436,0.10389352403655144,0.021354787445371472,0.625,6.015774378585086,1.0,0.017804988848969635,2.389617269235863,0.8632661456190868,0.18297872340425533,0.5815229439148747,0.4152724665391969
frozenset({'JUMBO BAG RED RETROSPOT'}),frozenset({'JUMBO BAG STRAWBERRY'}),0.10389352403655144,0.04097139451728248,0.02666865315852205,0.2566921606118547,6.265155571006431,1.0,0.02241199059742973,1.2902172621671029,0.9378205231408265,0.2256302521008403,0.2249367379255505,0.45380062576047275
frozenset({'JUMBO BAG STRAWBERRY'}),frozenset({'JUMBO BAG RED RETROSPOT'}),0.04097139451728248,0.10389352403655144,0.02666865315852205,0.6509090909090909,6.2651555710064315,1.0,0.02241199059742973,2.5669716759369616,0.8762898617136903,0.2256302521008403,0.6104359041534834,0.45380062576047275
frozenset({'JUMBO BAG RED RETROSPOT'}),frozenset({'JUMBO BAG VINTAGE LEAF'}),0.10389352403655144,0.04365315852205006,0.02110647596344855,0.2031548757170172,4.653841385026005,1.0,0.01657119548926655,1.200166522118699,0.8761500645480982,0.16692851531814612,0.16678229098186936,0.3433294287572572
frozenset({'JUMBO BAG VINTAGE LEAF'}),frozenset({'JUMBO BAG RED RETROSPOT'}),0.04365315852205006,0.10389352403655144,0.02110647596344855,0.48350398179749715,4.653841385026006,1.0,0.01657119548926655,1.7349726704226236,0.8209613005507547,0.16692851531814612,0.42362204486113963,0.3433294287572572
frozenset({'JUMBO BAG RED RETROSPOT'}),frozenset({'JUMBO BAG WOODLAND ANIMALS'}),0.10389352403655144,0.0428585617798967,0.026569328565752882,0.255736137667304,5.966978989651024,1.0,0.02211660154730116,1.2860243344614362,0.9289197537898015,0.2210743801652893,0.2224097373563448,0.43783330637710516
frozenset({'JUMBO BAG WOODLAND ANIMALS'}),frozenset({'JUMBO BAG RED RETROSPOT'}),0.0428585617798967,0.10389352403655144,0.026569328565752882,0.6199304750869062,5.966978989651025,1.0,0.02211660154730116,2.3577435632818786,0.869684430933595,0.2210743801652893,0.5758656642845237,0.43783330637710516
frozenset({'JUMBO BAG RED RETROSPOT'}),frozenset({'JUMBO SHOPPER VINTAGE RED PAISLEY'}),0.10389352403655144,0.058353198251887166,0.03377036154151768,0.32504780114722753,5.570351084170701,1.0,0.027707842136325586,1.395131097207544,0.9156033617171099,0.26285272516428293,0.28322148219506216,0.4518856027012733
frozenset({'JUMBO SHOPPER VINTAGE RED PAISLEY'}),frozenset({'JUMBO BAG RED RETROSPOT'}),0.058353198251887166,0.10389352403655144,0.03377036154151768,0.5787234042553191,5.570351084170701,1.0,0.027707842136325586,2.127121432842529,0.8713225599295148,0.26285272516428293,0.5298810944405401,0.4518856027012733
frozenset({'JUMBO BAG RED RETROSPOT'}),frozenset({'JUMBO STORAGE BAG SKULLS'}),0.10389352403655144,0.0350119189511323,0.020560190703218118,0.19789674952198855,5.6522680118790944,1.0,0.016922679060102863,1.2030721487212344,0.9185067741013111,0.1737305916911456,0.16879465536383928,0.39256539603759005
frozenset({'JUMBO STORAGE BAG SKULLS'}),frozenset({'JUMBO BAG RED RETROSPOT'}),0.0350119189511323,0.10389352403655144,0.020560190703218118,0.5872340425531916,5.6522680118790944,1.0,0.016922679060102863,2.1709796067155716,0.8529430411138932,0.1737305916911456,0.5393784460680041,0.39256539603759005
frozenset({'JUMBO BAG RED RETROSPOT'}),frozenset({'JUMBO STORAGE BAG SUKI'}),0.10389352403655144,0.05880015891934843,0.03595550258243941,0.34608030592734224,5.885703581210273,1.0,0.029846546858399037,1.4393202248104702,0.9263372162093642,0.2836990595611285,0.3052275770447955,0.47878339620691435
frozenset({'JUMBO STORAGE BAG SUKI'}),frozenset({'JUMBO BAG RED RETROSPOT'}),0.05880015891934843,0.10389352403655144,0.03595550258243941,0.6114864864864865,5.885703581210274,1.0,0.029846546858399037,2.3065001468276587,0.8819559270410388,0.2836990595611285,0.566442689641537,0.47878339620691435
frozenset({'JUMBO BAG RED RETROSPOT'}),frozenset({'LUNCH BAG RED RETROSPOT'}),0.10389352403655144,0.07767183154549066,0.02875446960667461,0.2767686424474187,3.5633077904867156,1.0,0.020684869309040205,1.275287857506169,0.8027638445879178,0.1881702957426064,0.21586330951546537,0.32348662301399067
frozenset({'LUNCH BAG RED RETROSPOT'}),frozenset({'JUMBO BAG RED RETROSPOT'}),0.07767183154549066,0.10389352403655144,0.02875446960667461,0.3702046035805626,3.5633077904867156,1.0,0.020684869309040205,1.4228533283318106,0.7799413532061376,0.1881702957426064,0.2971868708544785,0.32348662301399067
frozenset({'JUMBO BAG RED RETROSPOT'}),frozenset({'RECYCLING BAG RETROSPOT '}),0.10389352403655144,0.037147397695669444,0.0206098529996027,0.19837476099426388,5.340206132861628,1.0,0.016750478944212333,1.2011256076449968,0.9069695763768887,0.17113402061855673,0.16744760611617998,0.3765937976094314
frozenset({'RECYCLING BAG RETROSPOT '}),frozenset({'JUMBO BAG RED RETROSPOT'}),0.037147397695669444,0.10389352403655144,0.0206098529996027,0.5548128342245989,5.340206132861628,1.0,0.016750478944212333,2.012875807869848,0.8440973301085506,0.17113402061855673,0.5031983612251455,0.3765937976094314
frozenset({'JUMBO BAG RED RETROSPOT'}),frozenset({'RED RETROSPOT CHARLOTTE BAG'}),0.10389352403655144,0.051350814461660704,0.021156138259833136,0.20363288718929257,3.965524000429009,1.0,0.015821121183264095,1.19122094606615,0.834528637873201,0.15777777777777782,0.1605251710000835,0.3078125751226927
frozenset({'RED RETROSPOT CHARLOTTE BAG'}),frozenset({'JUMBO BAG RED RETROSPOT'}),0.051350814461660704,0.10389352403655144,0.021156138259833136,0.4119922630560929,3.965524000429009,1.0,0.015821121183264095,1.5239705528720489,0.7883067082914897,0.15777777777777782,0.3438193421024987,0.3078125751226927
frozenset({'JUMBO BAG RED RETROSPOT'}),frozenset({'WHITE HANGING HEART T-LIGHT HOLDER'}),0.10389352403655144,0.1122367898291617,0.022298371076678584,0.21462715105162525,1.9122709352104097,1.0,0.010637695454777201,1.130371658963721,0.532371500696886,0.11503971304125032,0.1153352155725848,0.2066498587116533
frozenset({'WHITE HANGING HEART T-LIGHT HOLDER'}),frozenset({'JUMBO BAG RED RETROSPOT'}),0.1122367898291617,0.10389352403655144,0.022298371076678584,0.1986725663716814,1.9122709352104097,1.0,0.010637695454777201,1.118277545928986,0.5373747683248272,0.11503971304125032,0.10576761230659372,0.2066498587116533
frozenset({'JUMBO STORAGE BAG SUKI'}),frozenset({'JUMBO BAG WOODLAND ANIMALS'}),0.05880015891934843,0.0428585617798967,0.022298371076678584,0.37922297297297297,8.848243086655602,1.0,0.019778280832965945,1.5418441671463978,0.9423962635414188,0.28097622027534414,0.35142602520540567,0.44975053631267425
frozenset({'JUMBO BAG WOODLAND ANIMALS'}),frozenset({'JUMBO STORAGE BAG SUKI'}),0.0428585617798967,0.05880015891934843,0.022298371076678584,0.5202780996523755,8.848243086655602,1.0,0.019778280832965945,1.9619697170352715,0.9267002535483303,0.28097622027534414,0.4903081371148287,0.44975053631267425
frozenset({'JUMBO SHOPPER VINTAGE RED PAISLEY'}),frozenset({'JUMBO STORAGE BAG SUKI'}),0.058353198251887166,0.05880015891934843,0.026023043305522447,0.4459574468085106,7.58428982173663,1.0,0.022591865974859238,1.6987861954988717,0.9219470580633369,0.285558583106267,0.41134440422837537,0.44426250718803906
frozenset({'JUMBO STORAGE BAG SUKI'}),frozenset({'JUMBO SHOPPER VINTAGE RED PAISLEY'}),0.05880015891934843,0.058353198251887166,0.026023043305522447,0.44256756756756754,7.58428982173663,1.0,0.022591865974859238,1.689257292832978,0.9223848758937807,0.285558583106267,0.40802386691316594,0.44426250718803906
frozenset({'LUNCH BAG APPLE DESIGN'}),frozenset({'LUNCH BAG  BLACK SKULL.'}),0.051450139054429876,0.06322010329757648,0.0206098529996027,0.40057915057915056,6.336262196435016,1.0,0.01735716989390697,1.5628083300864906,0.8878587018229989,0.2191129883843717,0.36012626708698375,0.3632903608355297
frozenset({'LUNCH BAG  BLACK SKULL.'}),frozenset({'LUNCH BAG APPLE DESIGN'}),0.06322010329757648,0.051450139054429876,0.0206098529996027,0.32600157109190886,6.336262196435016,1.0,0.01735716989390697,1.4073472878598028,0.8990140065111212,0.2191129883843717,0.28944333170192027,0.3632903608355297
frozenset({'LUNCH BAG  BLACK SKULL.'}),frozenset({'LUNCH BAG CARS BLUE'}),0.06322010329757648,0.05711164084227255,0.02592371871275328,0.4100549882168107,7.17988455889887,1.0,0.02231311487921072,1.5982648218479192,0.9188092076706349,0.27459231983166754,0.37432146016716,0.43198401584753576
frozenset({'LUNCH BAG CARS BLUE'}),frozenset({'LUNCH BAG  BLACK SKULL.'}),0.05711164084227255,0.06322010329757648,0.02592371871275328,0.4539130434782609,7.17988455889887,1.0,0.02231311487921072,1.7154408936429733,0.9128567409823654,0.27459231983166754,0.4170594838296274,0.43198401584753576
frozenset({'LUNCH BAG PINK POLKADOT'}),frozenset({'LUNCH BAG  BLACK SKULL.'}),0.054131903059197455,0.06322010329757648,0.027016289233214145,0.4990825688073395,7.894364968974539,1.0,0.023594064730117284,1.8701283652117981,0.9233077734401541,0.2990654205607477,0.4652773474794352,0.46320978401089674
frozenset({'LUNCH BAG  BLACK SKULL.'}),frozenset({'LUNCH BAG PINK POLKADOT'}),0.06322010329757648,0.054131903059197455,0.027016289233214145,0.42733699921445406,7.894364968974539,1.0,0.023594064730117284,1.651701080117478,0.9322652734422506,0.2990654205607477,0.3945635732532945,0.46320978401089674
frozenset({'LUNCH BAG  BLACK SKULL.'}),frozenset({'LUNCH BAG RED RETROSPOT'}),0.06322010329757648,0.07767183154549066,0.03183353198251887,0.5035349567949725,6.482851592086679,1.0,0.02692311076890099,1.8577907570294152,0.9028234871641592,0.2918943533697632,0.46172624865515643,0.4566907520547753
frozenset({'LUNCH BAG RED RETROSPOT'}),frozenset({'LUNCH BAG  BLACK SKULL.'}),0.07767183154549066,0.06322010329757648,0.03183353198251887,0.409846547314578,6.482851592086679,1.0,0.02692311076890099,1.5873496841198165,0.9169696014633607,0.2918943533697632,0.3700190890487378,0.4566907520547753
frozenset({'LUNCH BAG  BLACK SKULL.'}),frozenset({'LUNCH BAG SPACEBOY DESIGN '}),0.06322010329757648,0.05745927691696464,0.02542709574890743,0.40219952867242736,6.999731814475365,1.0,0.021794514326812873,1.5766811307289148,0.9149826835272756,0.26694473409801883,0.3657563469807681,0.4223616485194462
frozenset({'LUNCH BAG SPACEBOY DESIGN '}),frozenset({'LUNCH BAG  BLACK SKULL.'}),0.05745927691696464,0.06322010329757648,0.02542709574890743,0.442523768366465,6.999731814475365,1.0,0.021794514326812873,1.6803943263328747,0.9093902923955425,0.26694473409801883,0.40490158510455065,0.4223616485194462
frozenset({'LUNCH BAG SUKI DESIGN '}),frozenset({'LUNCH BAG  BLACK SKULL.'}),0.053883591577274535,0.06322010329757648,0.025576082638061184,0.47465437788018433,7.507965870381298,1.0,0.022169556412501467,1.7831687507405785,0.9161749274940592,0.27943570265870865,0.4392005806603081,0.4396052722079633
frozenset({'LUNCH BAG  BLACK SKULL.'}),frozenset({'LUNCH BAG SUKI DESIGN '}),0.06322010329757648,0.053883591577274535,0.025576082638061184,0.40455616653574233,7.507965870381297,1.0,0.022169556412501467,1.5889263692904083,0.9253060777018142,0.27943570265870865,0.37064421654315827,0.4396052722079633
frozenset({'LUNCH BAG WOODLAND'}),frozenset({'LUNCH BAG  BLACK SKULL.'}),0.05055621771950735,0.06322010329757648,0.02205005959475566,0.4361493123772102,6.89890224196976,1.0,0.01885389028819364,1.6613970990297338,0.9005792852167996,0.24038982133188957,0.3980969386644492,0.39246585807391543
frozenset({'LUNCH BAG  BLACK SKULL.'}),frozenset({'LUNCH BAG WOODLAND'}),0.06322010329757648,0.05055621771950735,0.02205005959475566,0.3487824037706206,6.89890224196976,1.0,0.01885389028819364,1.4579516704982718,0.9127537918027236,0.24038982133188957,0.31410620788394267,0.39246585807391543
frozenset({'LUNCH BAG APPLE DESIGN'}),frozenset({'LUNCH BAG RED RETROSPOT'}),0.051450139054429876,0.07767183154549066,0.02418553833929281,0.4700772200772201,6.052093928053007,1.0,0.02018931180566506,1.7404954144241744,0.8800464431232999,0.2304779933743493,0.4254509424658035,0.390729147123009
frozenset({'LUNCH BAG RED RETROSPOT'}),frozenset({'LUNCH BAG APPLE DESIGN'}),0.07767183154549066,0.051450139054429876,0.02418553833929281,0.31138107416879796,6.052093928053007,1.0,0.02018931180566506,1.3774670218373923,0.9050660706254054,0.2304779933743493,0.27402980677816313,0.390729147123009
frozenset({'LUNCH BAG SUKI DESIGN '}),frozenset({'LUNCH BAG APPLE DESIGN'}),0.053883591577274535,0.051450139054429876,0.022298371076678584,0.4138248847926267,8.043221892069818,1.0,0.019526052797275702,1.618202199883559,0.925543310717136,0.2685406698564593,0.38203025550703307,0.423611284095155
frozenset({'LUNCH BAG APPLE DESIGN'}),frozenset({'LUNCH BAG SUKI DESIGN '}),0.051450139054429876,0.053883591577274535,0.022298371076678584,0.43339768339768336,8.043221892069818,1.0,0.019526052797275702,1.6698068128210282,0.9231688802341445,0.2685406698564593,0.40112832674902904,0.423611284095155
frozenset({'LUNCH BAG PINK POLKADOT'}),frozenset({'LUNCH BAG CARS BLUE'}),0.054131903059197455,0.05711164084227255,0.02493047278506158,0.46055045871559636,8.064038292780216,1.0,0.02183891097943598,1.7478712780304815,0.9261255931853809,0.288837744533947,0.42787548913395385,0.44853609892301555
frozenset({'LUNCH BAG CARS BLUE'}),frozenset({'LUNCH BAG PINK POLKADOT'}),0.05711164084227255,0.054131903059197455,0.02493047278506158,0.43652173913043474,8.064038292780214,1.0,0.02183891097943598,1.6786239374721033,0.9290523568844814,0.288837744533947,0.404273954590488,0.44853609892301555
frozenset({'LUNCH BAG CARS BLUE'}),frozenset({'LUNCH BAG RED RETROSPOT'}),0.05711164084227255,0.07767183154549066,0.02751291219705999,0.48173913043478256,6.202237295674413,1.0,0.02307694645027243,1.7796600565816874,0.8895728222315435,0.2564814814814814,0.4380949348715691,0.4179795396419437
frozenset({'LUNCH BAG RED RETROSPOT'}),frozenset({'LUNCH BAG CARS BLUE'}),0.07767183154549066,0.05711164084227255,0.02751291219705999,0.35421994884910485,6.202237295674413,1.0,0.02307694645027243,1.460076627448204,0.909402843144954,0.2564814814814814,0.31510443958841117,0.4179795396419437
frozenset({'LUNCH BAG SPACEBOY DESIGN '}),frozenset({'LUNCH BAG CARS BLUE'}),0.05745927691696464,0.05711164084227255,0.02398688915375447,0.41745894554883317,7.3095246326706995,1.0,0.020705295567416102,1.6185783850823303,0.9158142207301805,0.2648026315789473,0.3821738822064313,0.4187294727744166
frozenset({'LUNCH BAG CARS BLUE'}),frozenset({'LUNCH BAG SPACEBOY DESIGN '}),0.05711164084227255,0.05745927691696464,0.02398688915375447,0.42,7.3095246326706995,1.0,0.020705295567416102,1.6250702122121297,0.9154765666932526,0.2648026315789473,0.38464197270667577,0.4187294727744166
frozenset({'LUNCH BAG SUKI DESIGN '}),frozenset({'LUNCH BAG CARS BLUE'}),0.053883591577274535,0.05711164084227255,0.02339094159713945,0.43410138248847924,7.600926467641754,1.0,0.020313561267686447,1.666178940856896,0.91789665933023,0.2670068027210884,0.3998243673121256,0.42183329993989177
frozenset({'LUNCH BAG CARS BLUE'}),frozenset({'LUNCH BAG SUKI DESIGN '}),0.05711164084227255,0.053883591577274535,0.02339094159713945,0.4095652173913043,7.600926467641754,1.0,0.020313561267686447,1.6024062881975465,0.9210391476298436,0.2670068027210884,0.37593854482133765,0.42183329993989177
frozenset({'LUNCH BAG WOODLAND'}),frozenset({'LUNCH BAG CARS BLUE'}),0.05055621771950735,0.05711164084227255,0.022248708780294002,0.4400785854616896,7.705584692918767,1.0,0.019361360231553763,1.6839655256536255,0.916561897538595,0.26046511627906976,0.4061636151299158,0.414821901426497
frozenset({'LUNCH BAG CARS BLUE'}),frozenset({'LUNCH BAG WOODLAND'}),0.05711164084227255,0.05055621771950735,0.022248708780294002,0.38956521739130434,7.705584692918767,1.0,0.019361360231553763,1.5553566233939695,0.9229342861657462,0.26046511627906976,0.3570606348672091,0.414821901426497
frozenset({'LUNCH BAG PINK POLKADOT'}),frozenset({'LUNCH BAG RED RETROSPOT'}),0.054131903059197455,0.07767183154549066,0.030095351609058404,0.5559633027522937,7.1578497853070235,1.0,0.02589082755340759,2.0771440157343295,0.909527705894605,0.29589843750000006,0.5185697320816381,0.4717156667214154
frozenset({'LUNCH BAG RED RETROSPOT'}),frozenset({'LUNCH BAG PINK POLKADOT'}),0.07767183154549066,0.054131903059197455,0.030095351609058404,0.3874680306905371,7.1578497853070235,1.0,0.02589082755340759,1.5441938451100368,0.9327409372425505,0.29589843750000006,0.3524129090614646,0.4717156667214154
frozenset({'LUNCH BAG PINK POLKADOT'}),frozenset({'LUNCH BAG SPACEBOY DESIGN '}),0.054131903059197455,0.05745927691696464,0.021255462852602304,0.3926605504587156,6.833718966323853,1.0,0.018145082844681592,1.5519175047741822,0.9025220297930932,0.23529411764705885,0.35563585247045143,0.38129138153877873
frozenset({'LUNCH BAG SPACEBOY DESIGN '}),frozenset({'LUNCH BAG PINK POLKADOT'}),0.05745927691696464,0.054131903059197455,0.021255462852602304,0.36992221261884184,6.833718966323853,1.0,0.018145082844681592,1.5011925763518637,0.9057081289551214,0.23529411764705885,0.3338629461983093,0.38129138153877873
frozenset({'LUNCH BAG SUKI DESIGN '}),frozenset({'LUNCH BAG PINK POLKADOT'}),0.053883591577274535,0.054131903059197455,0.0206098529996027,0.38248847926267276,7.0658605673698895,1.0,0.017693031643860286,1.5317416196727922,0.9073665930321464,0.23579545454545453,0.3471483785799212,0.3816112121084006
frozenset({'LUNCH BAG PINK POLKADOT'}),frozenset({'LUNCH BAG SUKI DESIGN '}),0.054131903059197455,0.053883591577274535,0.0206098529996027,0.38073394495412843,7.0658605673698895,1.0,0.017693031643860286,1.5278027928604012,0.9076047970101555,0.23579545454545453,0.3454652624847163,0.3816112121084006
frozenset({'LUNCH BAG SPACEBOY DESIGN '}),frozenset({'LUNCH BAG RED RETROSPOT'}),0.05745927691696464,0.07767183154549066,0.027810885975367503,0.4840103716508211,6.231478800230776,1.0,0.023347918697947324,1.7874936196011177,0.8907036348445274,0.2591392873669598,0.4405574436550147,0.4210333188177379
frozenset({'LUNCH BAG RED RETROSPOT'}),frozenset({'LUNCH BAG SPACEBOY DESIGN '}),0.07767183154549066,0.05745927691696464,0.027810885975367503,0.35805626598465473,6.231478800230776,1.0,0.023347918697947324,1.4682606483086327,0.9102231469800929,0.2591392873669598,0.3189220175913909,0.4210333188177379
frozenset({'LUNCH BAG SUKI DESIGN '}),frozenset({'LUNCH BAG RED RETROSPOT'}),0.053883591577274535,0.07767183154549066,0.027612236789829162,0.5124423963133641,6.597532028239066,1.0,0.023426999541773075,1.8917316876618955,0.8967481833125699,0.2656473960821787,0.4713838085379011,0.4339705587704928
frozenset({'LUNCH BAG RED RETROSPOT'}),frozenset({'LUNCH BAG SUKI DESIGN '}),0.07767183154549066,0.053883591577274535,0.027612236789829162,0.3554987212276215,6.5975320282390655,1.0,0.023426999541773075,1.467982205132086,0.9198766767331342,0.2656473960821787,0.31879283243081136,0.4339705587704928
frozenset({'LUNCH BAG WOODLAND'}),frozenset({'LUNCH BAG RED RETROSPOT'}),0.05055621771950735,0.07767183154549066,0.02612236789829162,0.5166994106090373,6.652339726357785,1.0,0.022195573872004895,1.9083944623713223,0.8949207582924062,0.2558365758754864,0.4759993178991802,0.4265082730794547
frozenset({'LUNCH BAG RED RETROSPOT'}),frozenset({'LUNCH BAG WOODLAND'}),0.07767183154549066,0.05055621771950735,0.02612236789829162,0.33631713554987214,6.652339726357785,1.0,0.022195573872004895,1.4305684734939217,0.9212306190520256,0.2558365758754864,0.30097718597302153,0.4265082730794547
frozenset({'LUNCH BAG SUKI DESIGN '}),frozenset({'LUNCH BAG SPACEBOY DESIGN '}),0.053883591577274535,0.05745927691696464,0.022596344854986093,0.4193548387096774,7.2982964842334175,1.0,0.019500232645266853,1.6232645786430053,0.9121305968190646,0.2546166759932848,0.383957481018919,0.40630663283798474
frozenset({'LUNCH BAG SPACEBOY DESIGN '}),frozenset({'LUNCH BAG SUKI DESIGN '}),0.05745927691696464,0.053883591577274535,0.022596344854986093,0.3932584269662921,7.298296484233417,1.0,0.019500232645266853,1.559340006474492,0.9155909162758838,0.2546166759932848,0.3587030436928906,0.40630663283798474
frozenset({'LUNCH BAG WOODLAND'}),frozenset({'LUNCH BAG SPACEBOY DESIGN '}),0.05055621771950735,0.05745927691696464,0.02378823996821613,0.47053045186640474,8.188937924617049,1.0,0.020883316254396603,1.7801604009249166,0.9246298288991279,0.2824292452830189,0.43825286784245354,0.44226609023743746
frozenset({'LUNCH BAG SPACEBOY DESIGN '}),frozenset({'LUNCH BAG WOODLAND'}),0.05745927691696464,0.05055621771950735,0.02378823996821613,0.41400172860847023,8.188937924617049,1.0,0.020883316254396603,1.6202160119447349,0.9314017107799951,0.2824292452830189,0.38279834748719305,0.44226609023743746
frozenset({'WHITE HANGING HEART T-LIGHT HOLDER'}),frozenset({'NATURAL SLATE HEART CHALKBOARD '}),0.1122367898291617,0.06202820818434644,0.0206098529996027,0.18362831858407078,2.960400178549919,1.0,0.013648006034136722,1.1489518967497978,0.7459284441413,0.1341305753070459,0.1296415430194763,0.25794706561709546
frozenset({'NATURAL SLATE HEART CHALKBOARD '}),frozenset({'WHITE HANGING HEART T-LIGHT HOLDER'}),0.06202820818434644,0.1122367898291617,0.0206098529996027,0.3322658126501201,2.9604001785499197,1.0,0.013648006034136722,1.3295158866946966,0.7059997282506422,0.1341305753070459,0.24784652067144883,0.25794706561709546
frozenset({'PACK OF 60 PINK PAISLEY CAKE CASES'}),frozenset({'PACK OF 72 RETROSPOT CAKE CASES'}),0.043156535558204215,0.06555423122765197,0.021354787445371472,0.4948216340621403,7.548279108693376,1.0,0.01852569393440457,1.849734334995832,0.9066472254644343,0.244457077885162,0.45938182522721394,0.410289604909858
frozenset({'PACK OF 72 RETROSPOT CAKE CASES'}),frozenset({'PACK OF 60 PINK PAISLEY CAKE CASES'}),0.06555423122765197,0.043156535558204215,0.021354787445371472,0.3257575757575757,7.548279108693376,1.0,0.01852569393440457,1.4191386214192925,0.9283786188894163,0.244457077885162,0.29534720223462624,0.410289604909858
frozenset({'PAPER CHAIN KIT VINTAGE CHRISTMAS'}),"frozenset({""PAPER CHAIN KIT 50'S CHRISTMAS ""})",0.040723083035359556,0.057608263806118394,0.027413587604290822,0.673170731707317,11.685315391084945,1.0,0.025067601493791364,2.883437401787249,0.9532414368504296,0.3865546218487395,0.6531917081396783,0.5745164003364172
"frozenset({""PAPER CHAIN KIT 50'S CHRISTMAS ""})",frozenset({'PAPER CHAIN KIT VINTAGE CHRISTMAS'}),0.057608263806118394,0.040723083035359556,0.027413587604290822,0.47586206896551725,11.685315391084945,1.0,0.025067601493791364,1.830199381050959,0.9703210157147396,0.3865546218487395,0.4536114423633079,0.5745164003364172
frozenset({'PARTY BUNTING'}),frozenset({'SPOTTY BUNTING'}),0.08373063170441002,0.056664680174811285,0.02398688915375447,0.2864768683274021,5.055651376547387,1.0,0.01924231968738916,1.322080922049267,0.8755084246494639,0.20605802047781566,0.243616647572549,0.35489487588149243
frozenset({'SPOTTY BUNTING'}),frozenset({'PARTY BUNTING'}),0.056664680174811285,0.08373063170441002,0.02398688915375447,0.42331288343558277,5.055651376547387,1.0,0.01924231968738916,1.588850074810438,0.8503885461849227,0.20605802047781566,0.3706139957105092,0.35489487588149243
frozenset({'ROSES REGENCY TEACUP AND SAUCER '}),frozenset({'PINK REGENCY TEACUP AND SAUCER'}),0.05294000794596742,0.03804131903059198,0.02974771553436631,0.5619136960600375,14.771141232199627,1.0,0.027733807802611688,2.195820029793124,0.984415382042961,0.4858069748580698,0.5445892712372181,0.6719490151318464
frozenset({'PINK REGENCY TEACUP AND SAUCER'}),frozenset({'ROSES REGENCY TEACUP AND SAUCER '}),0.03804131903059198,0.05294000794596742,0.02974771553436631,0.7819843342036553,14.771141232199628,1.0,0.027733807802611688,4.343999724032268,0.9691688867093063,0.4858069748580698,0.7697974071067019,0.6719490151318464
frozenset({'WHITE HANGING HEART T-LIGHT HOLDER'}),frozenset({'RED HANGING HEART T-LIGHT HOLDER'}),0.1122367898291617,0.03679976162097735,0.02458283671036949,0.21902654867256638,5.951846942065853,1.0,0.020452549599552602,1.233332883136879,0.9371698637753684,0.19752593774940144,0.18918889322355226,0.4435213715022751
frozenset({'RED HANGING HEART T-LIGHT HOLDER'}),frozenset({'WHITE HANGING HEART T-LIGHT HOLDER'}),0.03679976162097735,0.1122367898291617,0.02458283671036949,0.6680161943319839,5.951846942065853,1.0,0.020452549599552602,2.674116011124355,0.8637715124954104,0.19752593774940144,0.6260446458418454,0.4435213715022751
frozenset({'STRAWBERRY CHARLOTTE BAG'}),frozenset({'RED RETROSPOT CHARLOTTE BAG'}),0.035856177989670245,0.051350814461660704,0.024135876042908223,0.6731301939058171,13.108461880548871,1.0,0.022294632099656382,2.9022233557571218,0.9580659835229847,0.3826771653543306,0.6554365817447143,0.5715747681327925
frozenset({'RED RETROSPOT CHARLOTTE BAG'}),frozenset({'STRAWBERRY CHARLOTTE BAG'}),0.051350814461660704,0.035856177989670245,0.024135876042908223,0.4700193423597679,13.108461880548871,1.0,0.022294632099656382,1.819205678756717,0.9737144280240406,0.3826771653543306,0.45030954351273755,0.5715747681327925
frozenset({'WOODLAND CHARLOTTE BAG'}),frozenset({'RED RETROSPOT CHARLOTTE BAG'}),0.04146801748112833,0.051350814461660704,0.02512912197059992,0.6059880239520958,11.800942795260545,1.0,0.022999705498833598,2.4076658660319556,0.9548570360175077,0.3712399119589142,0.5846599754109204,0.5476748630398778
frozenset({'RED RETROSPOT CHARLOTTE BAG'}),frozenset({'WOODLAND CHARLOTTE BAG'}),0.051350814461660704,0.04146801748112833,0.02512912197059992,0.4893617021276596,11.800942795260543,1.0,0.022999705498833598,1.8771251324327904,0.9648045048777046,0.3712399119589142,0.46727046443409953,0.5476748630398778
frozenset({'ROSES REGENCY TEACUP AND SAUCER '}),frozenset({'REGENCY CAKESTAND 3 TIER'}),0.05294000794596742,0.09877830750893922,0.026072705601907033,0.4924953095684803,4.985865034424796,1.0,0.02084338121749458,1.7757898783650108,0.8441207581092217,0.2075098814229249,0.43687031208855015,0.37822352205422505
frozenset({'REGENCY CAKESTAND 3 TIER'}),frozenset({'ROSES REGENCY TEACUP AND SAUCER '}),0.09877830750893922,0.05294000794596742,0.026072705601907033,0.26395173453996984,4.985865034424796,1.0,0.02084338121749458,1.2866819154340647,0.8870547670217037,0.2075098814229249,0.22280713826412338,0.37822352205422505
frozenset({'SET OF 3 CAKE TINS PANTRY DESIGN '}),frozenset({'SET OF 6 SPICE TINS PANTRY DESIGN'}),0.06878228049264998,0.041418355184743745,0.020361541517679778,0.29602888086642604,7.1472872243721275,1.0,0.01751269259381853,1.3616775159683383,0.9236151307702614,0.22664455500276395,0.2656117265115716,0.3938177977473617
frozenset({'SET OF 6 SPICE TINS PANTRY DESIGN'}),frozenset({'SET OF 3 CAKE TINS PANTRY DESIGN '}),0.041418355184743745,0.06878228049264998,0.020361541517679778,0.49160671462829736,7.1472872243721275,1.0,0.01751269259381853,1.8316876841253065,0.8972493688256746,0.22664455500276395,0.45405540001895345,0.3938177977473617
frozenset({'STRAWBERRY CHARLOTTE BAG'}),frozenset({'WOODLAND CHARLOTTE BAG'}),0.035856177989670245,0.04146801748112833,0.020162892332141438,0.5623268698060941,13.560495629240133,1.0,0.018676007716459345,2.1900635803121054,0.9607035398252545,0.35273675065160726,0.5433922517183313,0.5242772073581369
frozenset({'WOODLAND CHARLOTTE BAG'}),frozenset({'STRAWBERRY CHARLOTTE BAG'}),0.04146801748112833,0.035856177989670245,0.020162892332141438,0.4862275449101796,13.560495629240133,1.0,0.018676007716459345,1.8765969496005253,0.9663280929572297,0.35273675065160726,0.4671205235557524,0.5242772073581369
frozenset({'WHITE HANGING HEART T-LIGHT HOLDER'}),frozenset({'WOODEN PICTURE FRAME WHITE FINISH'}),0.1122367898291617,0.05462852602304331,0.02026221692491061,0.18053097345132746,3.304701528559936,1.0,0.014130886530985407,1.1536390557170204,0.7855707510124211,0.13821138211382114,0.13317775170287507,0.2757200321802092
frozenset({'WOODEN PICTURE FRAME WHITE FINISH'}),frozenset({'WHITE HANGING HEART T-LIGHT HOLDER'}),0.05462852602304331,0.1122367898291617,0.02026221692491061,0.3709090909090909,3.3047015285599355,1.0,0.014130886530985407,1.4111842936241648,0.7377002912953372,0.13821138211382114,0.29137533310278896,0.2757200321802092
frozenset({'WOODEN FRAME ANTIQUE WHITE '}),frozenset({'WOODEN PICTURE FRAME WHITE FINISH'}),0.04822208978943186,0.05462852602304331,0.02676797775129122,0.5550978372811535,10.161318228630279,1.0,0.02413367606434371,2.124897456554687,0.9472667543406614,0.35182767624020883,0.529389055026965,0.5225489186405767
frozenset({'WOODEN PICTURE FRAME WHITE FINISH'}),frozenset({'WOODEN FRAME ANTIQUE WHITE '}),0.05462852602304331,0.04822208978943186,0.02676797775129122,0.49,10.161318228630279,1.0,0.02413367606434371,1.86623119649131,0.9536860341951449,0.35182767624020883,0.4641607096269241,0.5225489186405767
"frozenset({'ROSES REGENCY TEACUP AND SAUCER ', 'GREEN REGENCY TEACUP AND SAUCER'})",frozenset({'PINK REGENCY TEACUP AND SAUCER'}),0.03814064362336114,0.03804131903059198,0.026916964640444973,0.7057291666666666,18.55164817232376,1.0,0.025466044248336577,3.268956933559758,0.9836120294288444,0.5463709677419355,0.694092023748064,0.706650484116623
"frozenset({'ROSES REGENCY TEACUP AND SAUCER ', 'PINK REGENCY TEACUP AND SAUCER'})",frozenset({'GREEN REGENCY TEACUP AND SAUCER'}),0.02974771553436631,0.050407230830353596,0.026916964640444973,0.9048414023372287,17.950627071391562,1.0,0.025417464676828476,9.979053837414348,0.9732434077680594,0.5055970149253732,0.8997900987114918,0.7194157750602399
"frozenset({'GREEN REGENCY TEACUP AND SAUCER', 'PINK REGENCY TEACUP AND SAUCER'})",frozenset({'ROSES REGENCY TEACUP AND SAUCER '}),0.031436233611442196,0.05294000794596742,0.026916964640444973,0.8562401263823064,16.17378159928154,1.0,0.025252730183263936,6.587790933738487,0.9686213474963545,0.4684528954191876,0.8482040474480399,0.682341451558883
frozenset({'ROSES REGENCY TEACUP AND SAUCER '}),"frozenset({'GREEN REGENCY TEACUP AND SAUCER', 'PINK REGENCY TEACUP AND SAUCER'})",0.05294000794596742,0.031436233611442196,0.026916964640444973,0.5084427767354597,16.17378159928154,1.0,0.025252730183263936,1.9703988071950431,0.9906146901007552,0.4684528954191876,0.4924885275262891,0.682341451558883
frozenset({'GREEN REGENCY TEACUP AND SAUCER'}),"frozenset({'ROSES REGENCY TEACUP AND SAUCER ', 'PINK REGENCY TEACUP AND SAUCER'})",0.050407230830353596,0.02974771553436631,0.026916964640444973,0.5339901477832512,17.950627071391562,1.0,0.025417464676828476,2.0820424286101864,0.9944174707162061,0.5055970149253732,0.519702391143141,0.7194157750602399
frozenset({'PINK REGENCY TEACUP AND SAUCER'}),"frozenset({'ROSES REGENCY TEACUP AND SAUCER ', 'GREEN REGENCY TEACUP AND SAUCER'})",0.03804131903059198,0.03814064362336114,0.026916964640444973,0.7075718015665795,18.55164817232376,1.0,0.025466044248336577,3.289215477609398,0.9835104690747475,0.5463709677419355,0.6959761357055269,0.706650484116623
"frozenset({'ROSES REGENCY TEACUP AND SAUCER ', 'REGENCY CAKESTAND 3 TIER'})",frozenset({'GREEN REGENCY TEACUP AND SAUCER'}),0.026072705601907033,0.050407230830353596,0.02026221692491061,0.7771428571428571,15.417289232934554,1.0,0.01894796403526343,4.260993194992003,0.9601720373019943,0.36042402826855124,0.7653129319297407,0.5895566502463054
"frozenset({'ROSES REGENCY TEACUP AND SAUCER ', 'GREEN REGENCY TEACUP AND SAUCER'})",frozenset({'REGENCY CAKESTAND 3 TIER'}),0.03814064362336114,0.09877830750893922,0.02026221692491061,0.5312500000000001,5.378205128205129,1.0,0.016494748700493382,1.9226062773142634,0.8463444857496902,0.173690932311622,0.4798727062324352,0.36818910256410264
"frozenset({'REGENCY CAKESTAND 3 TIER', 'GREEN REGENCY TEACUP AND SAUCER'})",frozenset({'ROSES REGENCY TEACUP AND SAUCER '}),0.025278108859753675,0.05294000794596742,0.02026221692491061,0.8015717092337918,15.141133149279206,1.0,0.01892399364101622,4.772807286688146,0.9581756124266592,0.34961439588688953,0.7904797030483289,0.5921554606206483
frozenset({'ROSES REGENCY TEACUP AND SAUCER '}),"frozenset({'REGENCY CAKESTAND 3 TIER', 'GREEN REGENCY TEACUP AND SAUCER'})",0.05294000794596742,0.025278108859753675,0.02026221692491061,0.3827392120075047,15.141133149279204,1.0,0.01892399364101622,1.5791087172576028,0.9861621785578416,0.34961439588688953,0.36673137886498774,0.5921554606206483
frozenset({'REGENCY CAKESTAND 3 TIER'}),"frozenset({'ROSES REGENCY TEACUP AND SAUCER ', 'GREEN REGENCY TEACUP AND SAUCER'})",0.09877830750893922,0.03814064362336114,0.02026221692491061,0.20512820512820512,5.378205128205129,1.0,0.016494748700493382,1.2100811257641586,0.9032897999669368,0.173690932311622,0.17360912528198771,0.36818910256410264
frozenset({'GREEN REGENCY TEACUP AND SAUCER'}),"frozenset({'ROSES REGENCY TEACUP AND SAUCER ', 'REGENCY CAKESTAND 3 TIER'})",0.050407230830353596,0.026072705601907033,0.02026221692491061,0.40197044334975374,15.417289232934554,1.0,0.01894796403526343,1.6285604675684753,0.984777669762534,0.36042402826855124,0.3859607795263189,0.5895566502463054
"frozenset({'JUMBO BAG RED RETROSPOT', 'JUMBO STORAGE BAG SUKI'})",frozenset({'JUMBO BAG PINK POLKADOT'}),0.03595550258243941,0.060488676996424316,0.020510528406833532,0.5704419889502763,9.430558201562203,1.0,0.018335627624880255,2.1871581924584853,0.9273033978632822,0.27011118378024856,0.5427857008934752,0.4547612243601956
"frozenset({'JUMBO BAG RED RETROSPOT', 'JUMBO BAG PINK POLKADOT'})",frozenset({'JUMBO STORAGE BAG SUKI'}),0.04097139451728248,0.05880015891934843,0.020510528406833532,0.5006060606060606,8.513685503685505,1.0,0.018101403898070002,1.884684147794994,0.9202458095431189,0.25877192982456143,0.46940711462450596,0.42471181408681413
"frozenset({'JUMBO STORAGE BAG SUKI', 'JUMBO BAG PINK POLKADOT'})",frozenset({'JUMBO BAG RED RETROSPOT'}),0.025576082638061184,0.10389352403655144,0.020510528406833532,0.8019417475728156,7.718880989066069,1.0,0.017853339050515296,4.524459167854667,0.8932945170546012,0.18824065633546036,0.7789791082424194,0.4996802428112644
frozenset({'JUMBO BAG RED RETROSPOT'}),"frozenset({'JUMBO STORAGE BAG SUKI', 'JUMBO BAG PINK POLKADOT'})",0.10389352403655144,0.025576082638061184,0.020510528406833532,0.19741873804971322,7.718880989066069,1.0,0.017853339050515296,1.2141124688035592,0.9713662003507165,0.18824065633546036,0.17635307626364738,0.4996802428112644
frozenset({'JUMBO STORAGE BAG SUKI'}),"frozenset({'JUMBO BAG RED RETROSPOT', 'JUMBO BAG PINK POLKADOT'})",0.05880015891934843,0.04097139451728248,0.020510528406833532,0.3488175675675676,8.513685503685505,1.0,0.018101403898070002,1.4727495056958981,0.9376776502789766,0.25877192982456143,0.3209979048490778,0.42471181408681413
frozenset({'JUMBO BAG PINK POLKADOT'}),"frozenset({'JUMBO BAG RED RETROSPOT', 'JUMBO STORAGE BAG SUKI'})",0.060488676996424316,0.03595550258243941,0.020510528406833532,0.3390804597701149,9.430558201562203,1.0,0.018335627624880255,1.4586412395709176,0.9515177904282712,0.27011118378024856,0.3144304624938715,0.4547612243601956
